material_id,formula,fidelity,gap_true,gap_pred,abs_error
mp-762023,LiNiPO4,PBE,3.1684999465942383,2.8048782348632812,0.36362171173095703
mp-780392,Li5Cu(PO4)2,PBE,1.8461999893188477,2.0267257690429688,0.1805257797241211
mp-556056,Pr10S14O,PBE,1.8415000438690186,1.8112024068832397,0.03029763698577881
mp-28077,PbBr2,HSE,3.5999679565429688,3.874983310699463,0.27501535415649414
mp-764554,Li5Fe8(BO3)8,PBE,1.307800054550171,1.3729315996170044,0.0651315450668335
